{
  "test_mse": 0.06073489040136337,
  "test_mae": 0.20307666063308716,
  "test_r2": 0.21278846263885498,
  "train_mse": 0.04049324616789818,
  "train_mae": 0.16491277515888214,
  "train_r2": 0.471042275428772,
  "n_samples": 27100,
  "equity_range": {
    "min": 0.0025,
    "max": 1.0
  },
  "training_params": {
    "epochs": 150,
    "learning_rate": 0.001,
    "batch_size": 64,
    "hidden_dim": 1024
  }
}